ID,Tile Name
1,07_41_2_1_2m_v4.1_dem.tif
2,07_41_2_2_2m_v4.1_dem.tif
3,07_42_2_1_2m_v4.1_dem.tif
4,08_39_2_1_2m_v4.1_dem.tif
5,08_39_2_2_2m_v4.1_dem.tif
6,08_40_1_2_2m_v4.1_dem.tif
7,08_40_2_1_2m_v4.1_dem.tif
8,08_40_2_2_2m_v4.1_dem.tif
9,08_41_1_1_2m_v4.1_dem.tif
10,08_41_1_2_2m_v4.1_dem.tif
11,08_41_2_1_2m_v4.1_dem.tif
12,08_41_2_2_2m_v4.1_dem.tif
13,08_42_1_1_2m_v4.1_dem.tif
14,08_42_2_1_2m_v4.1_dem.tif
15,09_38_2_2_2m_v4.1_dem.tif
16,09_39_1_1_2m_v4.1_dem.tif
17,09_39_1_2_2m_v4.1_dem.tif
18,09_39_2_1_2m_v4.1_dem.tif
19,09_39_2_2_2m_v4.1_dem.tif
20,09_40_1_1_2m_v4.1_dem.tif
21,09_40_1_2_2m_v4.1_dem.tif
22,09_40_2_2_2m_v4.1_dem.tif
23,09_41_1_1_2m_v4.1_dem.tif
24,09_41_1_2_2m_v4.1_dem.tif
25,09_41_2_1_2m_v4.1_dem.tif
26,09_41_2_2_2m_v4.1_dem.tif
27,09_42_1_1_2m_v4.1_dem.tif
28,09_42_2_1_2m_v4.1_dem.tif
29,09_42_2_2_2m_v4.1_dem.tif
30,10_38_1_2_2m_v4.1_dem.tif
31,10_38_2_1_2m_v4.1_dem.tif
32,10_38_2_2_2m_v4.1_dem.tif
33,10_39_1_1_2m_v4.1_dem.tif
34,10_39_1_2_2m_v4.1_dem.tif
35,10_39_2_1_2m_v4.1_dem.tif
36,10_41_1_2_2m_v4.1_dem.tif
37,10_41_2_2_2m_v4.1_dem.tif
38,10_42_1_1_2m_v4.1_dem.tif
39,10_42_1_2_2m_v4.1_dem.tif
40,10_42_2_1_2m_v4.1_dem.tif
41,11_37_2_2_2m_v4.1_dem.tif
42,11_38_1_1_2m_v4.1_dem.tif
43,11_38_1_2_2m_v4.1_dem.tif
44,11_38_2_1_2m_v4.1_dem.tif
45,11_38_2_2_2m_v4.1_dem.tif
46,11_41_1_2_2m_v4.1_dem.tif
47,11_42_1_1_2m_v4.1_dem.tif
48,11_42_1_2_2m_v4.1_dem.tif
49,11_42_2_1_2m_v4.1_dem.tif
50,11_42_2_2_2m_v4.1_dem.tif
51,11_43_2_1_2m_v4.1_dem.tif
52,12_37_1_2_2m_v4.1_dem.tif
53,12_37_2_2_2m_v4.1_dem.tif
54,12_38_1_1_2m_v4.1_dem.tif
55,12_38_1_2_2m_v4.1_dem.tif
56,12_38_2_1_2m_v4.1_dem.tif
57,12_38_2_2_2m_v4.1_dem.tif
58,12_42_1_1_2m_v4.1_dem.tif
59,12_42_1_2_2m_v4.1_dem.tif
60,12_42_2_2_2m_v4.1_dem.tif
61,12_43_1_1_2m_v4.1_dem.tif
62,12_43_2_1_2m_v4.1_dem.tif
63,13_37_1_2_2m_v4.1_dem.tif
64,13_37_2_2_2m_v4.1_dem.tif
65,13_38_1_1_2m_v4.1_dem.tif
66,13_38_1_2_2m_v4.1_dem.tif
67,13_38_2_1_2m_v4.1_dem.tif
68,13_38_2_2_2m_v4.1_dem.tif
69,13_42_1_2_2m_v4.1_dem.tif
70,13_42_2_2_2m_v4.1_dem.tif
71,13_43_1_1_2m_v4.1_dem.tif
72,13_43_2_1_2m_v4.1_dem.tif
73,13_43_2_2_2m_v4.1_dem.tif
74,14_37_1_1_2m_v4.1_dem.tif
75,14_37_1_2_2m_v4.1_dem.tif
76,14_37_2_1_2m_v4.1_dem.tif
77,14_37_2_2_2m_v4.1_dem.tif
78,14_38_1_1_2m_v4.1_dem.tif
79,14_38_1_2_2m_v4.1_dem.tif
80,14_38_2_1_2m_v4.1_dem.tif
81,14_38_2_2_2m_v4.1_dem.tif
82,14_43_1_1_2m_v4.1_dem.tif
83,14_43_1_2_2m_v4.1_dem.tif
84,14_43_2_2_2m_v4.1_dem.tif
85,14_44_1_1_2m_v4.1_dem.tif
86,14_44_1_2_2m_v4.1_dem.tif
87,14_44_2_1_2m_v4.1_dem.tif
88,14_44_2_2_2m_v4.1_dem.tif
89,14_45_2_1_2m_v4.1_dem.tif
90,15_37_1_1_2m_v4.1_dem.tif
91,15_37_1_2_2m_v4.1_dem.tif
92,15_37_2_1_2m_v4.1_dem.tif
93,15_37_2_2_2m_v4.1_dem.tif
94,15_38_1_1_2m_v4.1_dem.tif
95,15_38_1_2_2m_v4.1_dem.tif
96,15_38_2_2_2m_v4.1_dem.tif
97,15_39_1_1_2m_v4.1_dem.tif
98,15_43_1_2_2m_v4.1_dem.tif
99,15_44_1_1_2m_v4.1_dem.tif
100,15_44_1_2_2m_v4.1_dem.tif
101,15_44_2_1_2m_v4.1_dem.tif
102,15_44_2_2_2m_v4.1_dem.tif
103,15_45_1_1_2m_v4.1_dem.tif
104,15_45_1_2_2m_v4.1_dem.tif
105,15_45_2_1_2m_v4.1_dem.tif
106,15_45_2_2_2m_v4.1_dem.tif
107,16_37_1_1_2m_v4.1_dem.tif
108,16_37_1_2_2m_v4.1_dem.tif
109,16_38_1_2_2m_v4.1_dem.tif
110,16_38_2_2_2m_v4.1_dem.tif
111,16_44_1_2_2m_v4.1_dem.tif
112,16_44_2_2_2m_v4.1_dem.tif
113,16_45_1_1_2m_v4.1_dem.tif
114,16_45_1_2_2m_v4.1_dem.tif
115,16_45_2_1_2m_v4.1_dem.tif
116,16_45_2_2_2m_v4.1_dem.tif
117,16_46_1_1_2m_v4.1_dem.tif
118,16_46_2_1_2m_v4.1_dem.tif
119,17_38_1_1_2m_v4.1_dem.tif
120,17_38_1_2_2m_v4.1_dem.tif
121,17_38_2_2_2m_v4.1_dem.tif
122,17_45_1_1_2m_v4.1_dem.tif
123,17_45_1_2_2m_v4.1_dem.tif
124,17_45_2_1_2m_v4.1_dem.tif
125,17_45_2_2_2m_v4.1_dem.tif
126,17_46_1_1_2m_v4.1_dem.tif
127,17_46_2_1_2m_v4.1_dem.tif
128,17_46_2_2_2m_v4.1_dem.tif
129,17_47_2_1_2m_v4.1_dem.tif
130,18_37_2_1_2m_v4.1_dem.tif
131,18_37_2_2_2m_v4.1_dem.tif
132,18_38_1_2_2m_v4.1_dem.tif
133,18_38_2_1_2m_v4.1_dem.tif
134,18_38_2_2_2m_v4.1_dem.tif
135,18_39_1_1_2m_v4.1_dem.tif
136,18_39_2_1_2m_v4.1_dem.tif
137,18_45_1_1_2m_v4.1_dem.tif
138,18_45_1_2_2m_v4.1_dem.tif
139,18_45_2_2_2m_v4.1_dem.tif
140,18_46_1_1_2m_v4.1_dem.tif
141,18_46_1_2_2m_v4.1_dem.tif
142,18_46_2_1_2m_v4.1_dem.tif
143,18_46_2_2_2m_v4.1_dem.tif
144,18_47_1_1_2m_v4.1_dem.tif
145,18_47_1_2_2m_v4.1_dem.tif
146,18_47_2_1_2m_v4.1_dem.tif
147,18_47_2_2_2m_v4.1_dem.tif
148,18_48_2_1_2m_v4.1_dem.tif
149,19_37_1_1_2m_v4.1_dem.tif
150,19_37_1_2_2m_v4.1_dem.tif
151,19_37_2_1_2m_v4.1_dem.tif
152,19_37_2_2_2m_v4.1_dem.tif
153,19_38_1_1_2m_v4.1_dem.tif
154,19_38_1_2_2m_v4.1_dem.tif
155,19_38_2_1_2m_v4.1_dem.tif
156,19_38_2_2_2m_v4.1_dem.tif
157,19_39_1_1_2m_v4.1_dem.tif
158,19_39_2_1_2m_v4.1_dem.tif
159,19_46_1_1_2m_v4.1_dem.tif
160,19_46_1_2_2m_v4.1_dem.tif
161,19_46_2_1_2m_v4.1_dem.tif
162,19_46_2_2_2m_v4.1_dem.tif
163,19_47_1_1_2m_v4.1_dem.tif
164,19_47_1_2_2m_v4.1_dem.tif
165,19_47_2_1_2m_v4.1_dem.tif
166,19_47_2_2_2m_v4.1_dem.tif
167,19_48_1_1_2m_v4.1_dem.tif
168,19_48_1_2_2m_v4.1_dem.tif
169,19_48_2_1_2m_v4.1_dem.tif
170,19_48_2_2_2m_v4.1_dem.tif
171,20_37_1_2_2m_v4.1_dem.tif
172,20_37_2_2_2m_v4.1_dem.tif
173,20_38_1_1_2m_v4.1_dem.tif
174,20_38_1_2_2m_v4.1_dem.tif
175,20_38_2_1_2m_v4.1_dem.tif
176,20_38_2_2_2m_v4.1_dem.tif
177,20_39_1_1_2m_v4.1_dem.tif
178,20_39_2_1_2m_v4.1_dem.tif
179,20_46_1_1_2m_v4.1_dem.tif
180,20_46_1_2_2m_v4.1_dem.tif
181,20_46_2_1_2m_v4.1_dem.tif
182,20_46_2_2_2m_v4.1_dem.tif
183,20_47_1_1_2m_v4.1_dem.tif
184,20_47_1_2_2m_v4.1_dem.tif
185,20_47_2_1_2m_v4.1_dem.tif
186,20_47_2_2_2m_v4.1_dem.tif
187,20_48_1_1_2m_v4.1_dem.tif
188,20_48_1_2_2m_v4.1_dem.tif
189,20_48_2_1_2m_v4.1_dem.tif
190,20_48_2_2_2m_v4.1_dem.tif
191,20_49_1_1_2m_v4.1_dem.tif
192,20_49_2_1_2m_v4.1_dem.tif
193,21_37_1_1_2m_v4.1_dem.tif
194,21_37_1_2_2m_v4.1_dem.tif
195,21_37_2_1_2m_v4.1_dem.tif
196,21_37_2_2_2m_v4.1_dem.tif
197,21_38_1_1_2m_v4.1_dem.tif
198,21_38_1_2_2m_v4.1_dem.tif
199,21_38_2_1_2m_v4.1_dem.tif
200,21_38_2_2_2m_v4.1_dem.tif
201,21_46_1_1_2m_v4.1_dem.tif
202,21_46_1_2_2m_v4.1_dem.tif
203,21_46_2_1_2m_v4.1_dem.tif
204,21_46_2_2_2m_v4.1_dem.tif
205,21_47_1_1_2m_v4.1_dem.tif
206,21_47_1_2_2m_v4.1_dem.tif
207,21_47_2_1_2m_v4.1_dem.tif
208,21_47_2_2_2m_v4.1_dem.tif
209,21_48_1_1_2m_v4.1_dem.tif
210,21_48_1_2_2m_v4.1_dem.tif
211,21_48_2_1_2m_v4.1_dem.tif
212,21_48_2_2_2m_v4.1_dem.tif
213,21_49_1_1_2m_v4.1_dem.tif
214,21_49_2_1_2m_v4.1_dem.tif
215,22_37_1_2_2m_v4.1_dem.tif
216,22_37_2_2_2m_v4.1_dem.tif
217,22_38_1_1_2m_v4.1_dem.tif
218,22_46_1_1_2m_v4.1_dem.tif
219,22_46_1_2_2m_v4.1_dem.tif
220,22_46_2_1_2m_v4.1_dem.tif
221,22_46_2_2_2m_v4.1_dem.tif
222,22_47_1_1_2m_v4.1_dem.tif
223,22_47_1_2_2m_v4.1_dem.tif
224,22_47_2_1_2m_v4.1_dem.tif
225,22_47_2_2_2m_v4.1_dem.tif
226,22_48_1_1_2m_v4.1_dem.tif
227,22_48_1_2_2m_v4.1_dem.tif
228,22_48_2_1_2m_v4.1_dem.tif
229,22_48_2_2_2m_v4.1_dem.tif
230,22_49_1_1_2m_v4.1_dem.tif
231,23_37_1_2_2m_v4.1_dem.tif
232,23_37_2_2_2m_v4.1_dem.tif
233,23_45_1_2_2m_v4.1_dem.tif
234,23_45_2_1_2m_v4.1_dem.tif
235,23_45_2_2_2m_v4.1_dem.tif
236,23_46_1_1_2m_v4.1_dem.tif
237,23_46_1_2_2m_v4.1_dem.tif
238,23_46_2_1_2m_v4.1_dem.tif
239,23_46_2_2_2m_v4.1_dem.tif
240,23_47_1_1_2m_v4.1_dem.tif
241,23_47_1_2_2m_v4.1_dem.tif
242,23_47_2_1_2m_v4.1_dem.tif
243,23_47_2_2_2m_v4.1_dem.tif
244,23_48_1_1_2m_v4.1_dem.tif
245,23_48_1_2_2m_v4.1_dem.tif
246,23_48_2_1_2m_v4.1_dem.tif
247,24_37_1_1_2m_v4.1_dem.tif
248,24_37_1_2_2m_v4.1_dem.tif
249,24_37_2_1_2m_v4.1_dem.tif
250,24_37_2_2_2m_v4.1_dem.tif
251,24_45_1_2_2m_v4.1_dem.tif
252,24_46_1_1_2m_v4.1_dem.tif
253,24_46_1_2_2m_v4.1_dem.tif
254,24_46_2_1_2m_v4.1_dem.tif
255,24_46_2_2_2m_v4.1_dem.tif
256,24_47_1_1_2m_v4.1_dem.tif
257,24_47_1_2_2m_v4.1_dem.tif
258,24_47_2_1_2m_v4.1_dem.tif
259,24_47_2_2_2m_v4.1_dem.tif
260,24_48_1_1_2m_v4.1_dem.tif
261,24_48_2_1_2m_v4.1_dem.tif
262,25_37_1_1_2m_v4.1_dem.tif
263,25_37_1_2_2m_v4.1_dem.tif
264,25_37_2_1_2m_v4.1_dem.tif
265,25_37_2_2_2m_v4.1_dem.tif
266,25_46_1_1_2m_v4.1_dem.tif
267,25_46_1_2_2m_v4.1_dem.tif
268,25_46_2_2_2m_v4.1_dem.tif
269,25_47_1_1_2m_v4.1_dem.tif
270,25_47_1_2_2m_v4.1_dem.tif
271,25_47_2_1_2m_v4.1_dem.tif
272,25_47_2_2_2m_v4.1_dem.tif
273,25_48_1_1_2m_v4.1_dem.tif
274,25_48_2_1_2m_v4.1_dem.tif
275,26_35_2_1_2m_v4.1_dem.tif
276,26_35_2_2_2m_v4.1_dem.tif
277,26_36_1_2_2m_v4.1_dem.tif
278,26_36_2_1_2m_v4.1_dem.tif
279,26_36_2_2_2m_v4.1_dem.tif
280,26_37_1_1_2m_v4.1_dem.tif
281,26_45_1_2_2m_v4.1_dem.tif
282,26_45_2_2_2m_v4.1_dem.tif
283,26_46_1_1_2m_v4.1_dem.tif
284,26_46_1_2_2m_v4.1_dem.tif
285,26_46_2_1_2m_v4.1_dem.tif
286,26_46_2_2_2m_v4.1_dem.tif
287,26_47_1_1_2m_v4.1_dem.tif
288,26_47_1_2_2m_v4.1_dem.tif
289,26_47_2_1_2m_v4.1_dem.tif
290,26_47_2_2_2m_v4.1_dem.tif
291,26_48_1_1_2m_v4.1_dem.tif
292,26_48_1_2_2m_v4.1_dem.tif
293,26_48_2_1_2m_v4.1_dem.tif
294,26_48_2_2_2m_v4.1_dem.tif
295,27_34_1_2_2m_v4.1_dem.tif
296,27_34_2_2_2m_v4.1_dem.tif
297,27_35_1_1_2m_v4.1_dem.tif
298,27_35_1_2_2m_v4.1_dem.tif
299,27_35_2_1_2m_v4.1_dem.tif
300,27_35_2_2_2m_v4.1_dem.tif
301,27_36_1_1_2m_v4.1_dem.tif
302,27_36_1_2_2m_v4.1_dem.tif
303,27_36_2_1_2m_v4.1_dem.tif
304,27_45_1_2_2m_v4.1_dem.tif
305,27_45_2_1_2m_v4.1_dem.tif
306,27_45_2_2_2m_v4.1_dem.tif
307,27_46_1_1_2m_v4.1_dem.tif
308,27_46_1_2_2m_v4.1_dem.tif
309,27_46_2_1_2m_v4.1_dem.tif
310,27_46_2_2_2m_v4.1_dem.tif
311,27_47_1_1_2m_v4.1_dem.tif
312,27_47_1_2_2m_v4.1_dem.tif
313,27_47_2_1_2m_v4.1_dem.tif
314,27_47_2_2_2m_v4.1_dem.tif
315,28_34_1_2_2m_v4.1_dem.tif
316,28_34_2_2_2m_v4.1_dem.tif
317,28_35_1_1_2m_v4.1_dem.tif
318,28_35_1_2_2m_v4.1_dem.tif
319,28_35_2_1_2m_v4.1_dem.tif
320,28_35_2_2_2m_v4.1_dem.tif
321,28_36_1_1_2m_v4.1_dem.tif
322,28_36_2_1_2m_v4.1_dem.tif
323,28_45_1_2_2m_v4.1_dem.tif
324,28_45_2_2_2m_v4.1_dem.tif
325,28_46_1_1_2m_v4.1_dem.tif
326,28_46_1_2_2m_v4.1_dem.tif
327,28_46_2_1_2m_v4.1_dem.tif
328,28_46_2_2_2m_v4.1_dem.tif
329,28_47_1_1_2m_v4.1_dem.tif
330,28_47_2_1_2m_v4.1_dem.tif
331,29_34_1_2_2m_v4.1_dem.tif
332,29_34_2_2_2m_v4.1_dem.tif
333,29_35_1_1_2m_v4.1_dem.tif
334,29_35_1_2_2m_v4.1_dem.tif
335,29_35_2_1_2m_v4.1_dem.tif
336,29_35_2_2_2m_v4.1_dem.tif
337,29_36_1_1_2m_v4.1_dem.tif
338,29_36_2_1_2m_v4.1_dem.tif
339,29_36_2_2_2m_v4.1_dem.tif
340,29_45_1_2_2m_v4.1_dem.tif
341,29_45_2_2_2m_v4.1_dem.tif
342,29_46_1_1_2m_v4.1_dem.tif
343,29_46_1_2_2m_v4.1_dem.tif
344,29_46_2_1_2m_v4.1_dem.tif
345,29_46_2_2_2m_v4.1_dem.tif
346,29_47_1_1_2m_v4.1_dem.tif
347,30_36_1_2_2m_v4.1_dem.tif
348,30_37_1_1_2m_v4.1_dem.tif
349,30_37_1_2_2m_v4.1_dem.tif
350,30_37_2_1_2m_v4.1_dem.tif
351,30_37_2_2_2m_v4.1_dem.tif
352,30_38_1_1_2m_v4.1_dem.tif
353,30_38_2_1_2m_v4.1_dem.tif
354,30_38_2_2_2m_v4.1_dem.tif
355,30_44_2_1_2m_v4.1_dem.tif
356,30_44_2_2_2m_v4.1_dem.tif
357,30_45_1_1_2m_v4.1_dem.tif
358,30_45_1_2_2m_v4.1_dem.tif
359,30_45_2_1_2m_v4.1_dem.tif
360,30_45_2_2_2m_v4.1_dem.tif
361,30_46_1_1_2m_v4.1_dem.tif
362,30_46_1_2_2m_v4.1_dem.tif
363,30_46_2_1_2m_v4.1_dem.tif
364,31_37_1_1_2m_v4.1_dem.tif
365,31_37_1_2_2m_v4.1_dem.tif
366,31_37_2_2_2m_v4.1_dem.tif
367,31_38_1_1_2m_v4.1_dem.tif
368,31_38_1_2_2m_v4.1_dem.tif
369,31_38_2_1_2m_v4.1_dem.tif
370,31_38_2_2_2m_v4.1_dem.tif
371,31_39_1_1_2m_v4.1_dem.tif
372,31_39_1_2_2m_v4.1_dem.tif
373,31_39_2_1_2m_v4.1_dem.tif
374,31_39_2_2_2m_v4.1_dem.tif
375,31_40_1_1_2m_v4.1_dem.tif
376,31_40_2_1_2m_v4.1_dem.tif
377,31_40_2_2_2m_v4.1_dem.tif
378,31_41_2_1_2m_v4.1_dem.tif
379,31_42_2_2_2m_v4.1_dem.tif
380,31_43_1_2_2m_v4.1_dem.tif
381,31_43_2_1_2m_v4.1_dem.tif
382,31_43_2_2_2m_v4.1_dem.tif
383,31_44_1_1_2m_v4.1_dem.tif
384,31_44_1_2_2m_v4.1_dem.tif
385,31_44_2_1_2m_v4.1_dem.tif
386,31_44_2_2_2m_v4.1_dem.tif
387,31_45_1_1_2m_v4.1_dem.tif
388,31_45_1_2_2m_v4.1_dem.tif
389,31_45_2_1_2m_v4.1_dem.tif
390,31_45_2_2_2m_v4.1_dem.tif
391,31_46_1_1_2m_v4.1_dem.tif
392,31_46_2_1_2m_v4.1_dem.tif
393,32_38_2_2_2m_v4.1_dem.tif
394,32_39_1_1_2m_v4.1_dem.tif
395,32_39_1_2_2m_v4.1_dem.tif
396,32_39_2_1_2m_v4.1_dem.tif
397,32_39_2_2_2m_v4.1_dem.tif
398,32_40_1_1_2m_v4.1_dem.tif
399,32_40_1_2_2m_v4.1_dem.tif
400,32_40_2_1_2m_v4.1_dem.tif
401,32_40_2_2_2m_v4.1_dem.tif
402,32_41_1_1_2m_v4.1_dem.tif
403,32_41_1_2_2m_v4.1_dem.tif
404,32_41_2_1_2m_v4.1_dem.tif
405,32_41_2_2_2m_v4.1_dem.tif
406,32_42_1_1_2m_v4.1_dem.tif
407,32_42_1_2_2m_v4.1_dem.tif
408,32_42_2_1_2m_v4.1_dem.tif
409,32_42_2_2_2m_v4.1_dem.tif
410,32_43_1_1_2m_v4.1_dem.tif
411,32_43_1_2_2m_v4.1_dem.tif
412,32_43_2_1_2m_v4.1_dem.tif
413,32_43_2_2_2m_v4.1_dem.tif
414,32_44_1_1_2m_v4.1_dem.tif
415,32_44_1_2_2m_v4.1_dem.tif
416,32_44_2_1_2m_v4.1_dem.tif
417,32_44_2_2_2m_v4.1_dem.tif
418,32_45_1_1_2m_v4.1_dem.tif
419,32_45_1_2_2m_v4.1_dem.tif
420,32_45_2_1_2m_v4.1_dem.tif
421,32_45_2_2_2m_v4.1_dem.tif
422,32_46_1_1_2m_v4.1_dem.tif
423,32_46_2_1_2m_v4.1_dem.tif
424,33_40_1_1_2m_v4.1_dem.tif
425,33_40_1_2_2m_v4.1_dem.tif
426,33_40_2_2_2m_v4.1_dem.tif
427,33_41_1_1_2m_v4.1_dem.tif
428,33_41_1_2_2m_v4.1_dem.tif
429,33_41_2_1_2m_v4.1_dem.tif
430,33_41_2_2_2m_v4.1_dem.tif
431,33_42_1_1_2m_v4.1_dem.tif
432,33_42_1_2_2m_v4.1_dem.tif
433,33_42_2_1_2m_v4.1_dem.tif
434,33_42_2_2_2m_v4.1_dem.tif
435,33_43_1_1_2m_v4.1_dem.tif
436,33_43_1_2_2m_v4.1_dem.tif
437,33_43_2_1_2m_v4.1_dem.tif
438,33_43_2_2_2m_v4.1_dem.tif
439,33_44_1_1_2m_v4.1_dem.tif
440,33_44_1_2_2m_v4.1_dem.tif
441,33_44_2_1_2m_v4.1_dem.tif
442,33_45_1_1_2m_v4.1_dem.tif
443,33_45_1_2_2m_v4.1_dem.tif
444,33_46_1_1_2m_v4.1_dem.tif
445,34_41_1_2_2m_v4.1_dem.tif
446,34_42_1_1_2m_v4.1_dem.tif
447,34_42_1_2_2m_v4.1_dem.tif
448,34_43_1_1_2m_v4.1_dem.tif
